emma.johansson@avnz.io,Administrator,Emma Johansson
raj.patel@avnz.io,Administrator,Raj Patel
lucas.meyer@avnz.io,Member,Lucas Meyer
carlos.hernandez@avnz.io,Member,Carlos Hernández
sophia.li@avnz.io,Member,Sophia Li
david.oconnor@avnz.io,Member,David O’Connor
aisha.khan@avnz.io,Member,Aisha Khan
mateo.rossi@avnz.io,Member,Mateo Rossi
hannah.wright@avnz.io,Member,Hannah Wright
nguyen.minh@avnz.io,Member,Nguyen Minh
olivia.brown@avnz.io,Member,Olivia Brown
fatima.elsayed@avnz.io,Viewer,Fatima El-Sayed
daniel.kim@avnz.io,Viewer,Daniel Kim
laura.silva@avnz.io,Viewer,Laura Silva
michael.carter@avnz.io,Viewer,Michael Carter
anastasia.petrov@avnz.io,Viewer,Anastasia Petrov
